wadsworth,Santa Clara University,7609947483,wadsworthcounsellor@gmail.com
sheffie,Dakota State University,8015295125,sheffiecounsellor@gmail.com
fairfax,Michigan University,2035006370,fairfaxcounsellor@gmail.com
cyril,University of Massachusetts Dartmouth,6154817037,cyrilcounsellor@gmail.com
avigdor,Gannon University,7608440455,avigdorcounsellor@gmail.com
svend,University of South Dakota,7609947783,svendcounsellor@gmail.com
lindy,University of the Incarnate Word,7609947477,lindycounsellor@gmail.com
richmound,Valparaiso University,2035706370,richmoundcounsellor@gmail.com
valentin,University of Kentucky,6154897037,valentincounsellor@gmail.com
heriberto,Fontbonne University,7608480455,heribertocounsellor@gmail.com
giffy,South Dakota School of Mines & Technology,8609947483,giffycounsellor@gmail.com
rafaellle,LeTourneau University,9015295125,rafaelllecounsellor@gmail.com
douglas,New York Institute of Technology,1035006370,douglascounsellor@gmail.com
waldon,University of South Florida,6554817037,waldoncounsellor@gmail.com
upton,Massachusetts Institute of Technology,7908440455,uptoncounsellor@gmail.com
byram,Harvard University,7699947783,byramcounsellor@gmail.com
gilburt,Stanford University,7609047477,gilburtcounsellor@gmail.com
costa,California State University Los Angeles Campus,2039706370,costacounsellor@gmail.com
armando,Pepperdine University,6154807037,armandocounsellor@gmail.com
holt,IGlobal University,7108480455,holtcounsellor@gmail.com
bondie,Central Michigan University,5915587277,bondiecounsellor@gmail.com
fonzie,Pace University,1500450271,fonziecounsellor@gmail.com
papageno,Bowling Green State University,3267000013,papagenocounsellor@gmail.com
chan,Mississippi State University,5754853343,chancounsellor@gmail.com
tremaine,Sunrise Aviation,4093082899,tremainecounsellor@gmail.com
christiano,Georgia Institute of Technology,9576890767,christianocounsellor@gmail.com
fraser,Princeton University,3628273133,frasercounsellor@gmail.com
jae,University of Illinois at Urbana-Champaign,2860486313,jaecounsellor@gmail.com
barnebas,University of Alabama,5463458053,barnebascounsellor@gmail.com
see,California Institute of Technology,3367900313,seecounsellor@gmail.com
farlee,University of Pennsylvania,9000001901,farleecounsellor@gmail.com
aluino,Boston University,9000001902,aluinocounsellor@gmail.com
neddy,Illinois Institute of Technology,9000001903,neddycounsellor@gmail.com
miguel,University of Florida,9000001904,miguelcounsellor@gmail.com
dominique,University of Maryland,9000001905,dominiquecounsellor@gmail.com
raddy,Wright State University,9000001906,raddycounsellor@gmail.com
judon,New York Institute of Technology,9000001907,judoncounsellor@gmail.com
siward,Mississippi State University,9000001908,siwardcounsellor@gmail.com
kareem,University of New Mexico,9000001909,kareemcounsellor@gmail.com
humphrey,La Roche College,9000001910,humphreycounsellor@gmail.com
errick,ECPI University,9000001911,errickcounsellor@gmail.com
tye,Rutgers University,9000001912,tyecounsellor@gmail.com
cyrus,Pennsylvania State University-University Park,9000001913,cyruscounsellor@gmail.com
lem,Santa Clara University,9000001914,lemcounsellor@gmail.com
tann,Dakota State University,9000001915,tanncounsellor@gmail.com
cass,Michigan University,9000001916,casscounsellor@gmail.com
perceval,University of Massachusetts Dartmouth,9000001917,percevalcounsellor@gmail.com
eduino,Gannon University,9000001918,eduinocounsellor@gmail.com
gearalt,University of South Dakota,9000001919,gearaltcounsellor@gmail.com
rog,University of the Incarnate Word,9000001920,rogcounsellor@gmail.com
quinlan,Valparaiso University,9000001921,quinlancounsellor@gmail.com
jarvis,University of Kentucky,9000001922,jarviscounsellor@gmail.com
broddy,Fontbonne University,9000001923,broddycounsellor@gmail.com
humfried,South Dakota School of Mines & Technology,9000001924,humfriedcounsellor@gmail.com
neall,LeTourneau University,9000001925,neallcounsellor@gmail.com
artair,New York Institute of Technology,9000001926,artaircounsellor@gmail.com
milty,University of South Florida,9000001927,miltycounsellor@gmail.com
alexandros,Massachusetts Institute of Technology,9000001928,alexandroscounsellor@gmail.com
koenraad,Harvard University,9000001929,koenraadcounsellor@gmail.com
peyton,Stanford University,9000001930,peytoncounsellor@gmail.com
sly,California State University Los Angeles Campus,9000001931,slycounsellor@gmail.com
tally,Pepperdine University,9000001932,tallycounsellor@gmail.com
rex,IGlobal University,9000001933,rexcounsellor@gmail.com
kaspar,Central Michigan University,9000001934,kasparcounsellor@gmail.com
karlan,Pace University,9000001935,karlancounsellor@gmail.com
anatol,Bowling Green State University,9000001936,anatolcounsellor@gmail.com
heindrick,Mississippi State University,9000001937,heindrickcounsellor@gmail.com
emerson,Sunrise Aviation,9000001938,emersoncounsellor@gmail.com
dewie,Georgia Institute of Technology,9000001939,dewiecounsellor@gmail.com
andrey,Princeton University,9000001940,andreycounsellor@gmail.com
fremont,University of Illinois at Urbana-Champaign,9000001941,fremontcounsellor@gmail.com
jabez,University of Alabama,9000001942,jabezcounsellor@gmail.com
doy,California Institute of Technology,9000001943,doycounsellor@gmail.com
darcy,University of Pennsylvania,9000001944,darcycounsellor@gmail.com
kingston,Boston University,9000001945,kingstoncounsellor@gmail.com
gallard,Illinois Institute of Technology,9000001946,gallardcounsellor@gmail.com
olivier,University of Florida,9000001947,oliviercounsellor@gmail.com
archie,University of Maryland,9000001948,archiecounsellor@gmail.com
simone,Wright State University,9000001949,simonecounsellor@gmail.com
maje,New York Institute of Technology,9000001950,majecounsellor@gmail.com
ruperto,Mississippi State University,9000001951,rupertocounsellor@gmail.com
salvatore,University of New Mexico,9000001952,salvatorecounsellor@gmail.com
klement,La Roche College,9000001953,klementcounsellor@gmail.com
christophe,ECPI University,9000001954,christophecounsellor@gmail.com
sutton,Rutgers University,9000001955,suttoncounsellor@gmail.com
hartwell,Pennsylvania State University-University Park,9000001956,hartwellcounsellor@gmail.com
dylan,Santa Clara University,9000001957,dylancounsellor@gmail.com
tiebout,Dakota State University,9000001958,tieboutcounsellor@gmail.com
artie,Michigan University,9000001959,artiecounsellor@gmail.com
thoma,University of Massachusetts Dartmouth,9000001960,thomacounsellor@gmail.com
early,Gannon University,9000001961,earlycounsellor@gmail.com
devin,University of South Dakota,9000001962,devincounsellor@gmail.com
andris,University of the Incarnate Word,9000001963,andriscounsellor@gmail.com
lek,Valparaiso University,9000001964,lekcounsellor@gmail.com
hillary,University of Kentucky,9000001965,hillarycounsellor@gmail.com
christoper,Fontbonne University,9000001966,christopercounsellor@gmail.com
lammond,South Dakota School of Mines & Technology,9000001967,lammondcounsellor@gmail.com
thomas,LeTourneau University,9000001968,thomascounsellor@gmail.com
ikey,New York Institute of Technology,9000001969,ikeycounsellor@gmail.com
sax,University of South Florida,9000001970,saxcounsellor@gmail.com
Catlin,Massachusetts Institute of Technology,9000001971,Catlincounsellor@gmail.com
Micheline,Harvard University,9000001972,Michelinecounsellor@gmail.com
Dina,Stanford University,9000001973,Dinacounsellor@gmail.com
Cathal,California State University Los Angeles Campus,9000001974,Cathalcounsellor@gmail.com
Dear,Pepperdine University,9000001975,Dearcounsellor@gmail.com
Romulus,IGlobal University,9000001976,Romuluscounsellor@gmail.com
Saleem,Central Michigan University,9000001977,Saleemcounsellor@gmail.com
Wally,Pace University,9000001978,Wallycounsellor@gmail.com
Jo-ann,Bowling Green State University,9000001979,Jo-anncounsellor@gmail.com
Armand,Mississippi State University,9000001980,Armandcounsellor@gmail.com
Ariadne,Sunrise Aviation,9000001981,Ariadnecounsellor@gmail.com
Siamack,Georgia Institute of Technology,9000001982,Siamackcounsellor@gmail.com
Gen,Princeton University,9000001983,Gencounsellor@gmail.com
Ardis,University of Illinois at Urbana-Champaign,9000001984,Ardiscounsellor@gmail.com
Valentine,University of Alabama,9000001985,Valentinecounsellor@gmail.com
Saswata,California Institute of Technology,9000001986,Saswatacounsellor@gmail.com
Penang,University of Pennsylvania,9000001987,Penangcounsellor@gmail.com
Mariet,Boston University,9000001988,Marietcounsellor@gmail.com
Ramesh,Illinois Institute of Technology,9000001989,Rameshcounsellor@gmail.com
Maxy,University of Florida,9000001990,Maxycounsellor@gmail.com
Junie,University of Maryland,9000001991,Juniecounsellor@gmail.com
Minne,Wright State University,9000001992,Minnecounsellor@gmail.com
Joyous,New York Institute of Technology,9000001993,Joyouscounsellor@gmail.com
Juile,Mississippi State University,9000001994,Juilecounsellor@gmail.com
Kristopher,University of New Mexico,9000001995,Kristophercounsellor@gmail.com
Ernie,La Roche College,9000001996,Erniecounsellor@gmail.com
Rolly,ECPI University,9000001997,Rollycounsellor@gmail.com
Faustine,Rutgers University,9000001998,Faustinecounsellor@gmail.com
Kiem,Pennsylvania State University-University Park,9000001999,Kiemcounsellor@gmail.com
Juliette,Santa Clara University,9000001439,Juliettecounsellor@gmail.com
Joelle,Dakota State University,9000001440,Joellecounsellor@gmail.com
Claus,Michigan University,9000001441,Clauscounsellor@gmail.com
Maribelle,University of Massachusetts Dartmouth,9000001442,Maribellecounsellor@gmail.com
Idalina,Gannon University,9000001443,Idalinacounsellor@gmail.com
Ladell,University of South Dakota,9000001444,Ladellcounsellor@gmail.com
Jaquenette,University of the Incarnate Word,9000001445,Jaquenettecounsellor@gmail.com
Hally,Valparaiso University,9000001446,Hallycounsellor@gmail.com
Adriane,University of Kentucky,9000001447,Adrianecounsellor@gmail.com
Kemal,Fontbonne University,9000001448,Kemalcounsellor@gmail.com
Jaynie,South Dakota School of Mines & Technology,9000001449,Jayniecounsellor@gmail.com
Skip,LeTourneau University,9000001450,Skipcounsellor@gmail.com
Shiu,New York Institute of Technology,9000001451,Shiucounsellor@gmail.com
Blinni,University of South Florida,9000001452,Blinnicounsellor@gmail.com
Tuhina,Massachusetts Institute of Technology,9000001453,Tuhinacounsellor@gmail.com
Rori,Harvard University,9000001454,Roricounsellor@gmail.com
Vallier,Stanford University,9000001455,Valliercounsellor@gmail.com
Moris,California State University Los Angeles Campus,9000001456,Moriscounsellor@gmail.com
Izzy,Pepperdine University,9000001457,Izzycounsellor@gmail.com
Norina,IGlobal University,9000001458,Norinacounsellor@gmail.com
Fraser,Central Michigan University,9000001459,Frasercounsellor@gmail.com
Thrift,Pace University,9000001460,Thriftcounsellor@gmail.com
Helmuth,Bowling Green State University,9000001461,Helmuthcounsellor@gmail.com
Hideo,Mississippi State University,9000001462,Hideocounsellor@gmail.com
Tri,Sunrise Aviation,9000001463,Tricounsellor@gmail.com
Bren,Georgia Institute of Technology,9000001464,Brencounsellor@gmail.com
Cristian,Princeton University,9000001465,Cristiancounsellor@gmail.com
Dodie,University of Illinois at Urbana-Champaign,9000001466,Dodiecounsellor@gmail.com
Marya,University of Alabama,9000001467,Maryacounsellor@gmail.com
Nance,California Institute of Technology,9000001468,Nancecounsellor@gmail.com
Norvie,University of Pennsylvania,9000001469,Norviecounsellor@gmail.com
Sanjay,Boston University,9000001470,Sanjaycounsellor@gmail.com
Ivie,Illinois Institute of Technology,9000001471,Iviecounsellor@gmail.com
Gaylene,University of Florida,9000001472,Gaylenecounsellor@gmail.com
Dione,University of Maryland,9000001473,Dionecounsellor@gmail.com
Wilhelmine,Wright State University,9000001474,Wilhelminecounsellor@gmail.com
Rickie,New York Institute of Technology,9000001475,Rickiecounsellor@gmail.com
Tildie,Mississippi State University,9000001476,Tildiecounsellor@gmail.com
Henk,University of New Mexico,9000001477,Henkcounsellor@gmail.com
Gillian,La Roche College,9000001478,Gilliancounsellor@gmail.com
Grace,ECPI University,9000001479,Gracecounsellor@gmail.com
Jasver,Rutgers University,9000001480,Jasvercounsellor@gmail.com
Lilin,Pennsylvania State University-University Park,9000001481,Lilincounsellor@gmail.com
Zdenka,Santa Clara University,9000001482,Zdenkacounsellor@gmail.com
Lexie,Dakota State University,9000001483,Lexiecounsellor@gmail.com
Lenee,Michigan University,9000001484,Leneecounsellor@gmail.com
Millard,University of Massachusetts Dartmouth,9000001485,Millardcounsellor@gmail.com
Othelia,Gannon University,9000001486,Otheliacounsellor@gmail.com
Meriel,University of South Dakota,9000001487,Merielcounsellor@gmail.com
Dev,University of the Incarnate Word,9000001488,Devcounsellor@gmail.com
Benthem,Valparaiso University,9000001489,Benthemcounsellor@gmail.com
Heloise,University of Kentucky,9000001490,Heloisecounsellor@gmail.com
Elias,Fontbonne University,9000001491,Eliascounsellor@gmail.com
Madalyn,South Dakota School of Mines & Technology,9000001492,Madalyncounsellor@gmail.com
Concettina,LeTourneau University,9000001493,Concettinacounsellor@gmail.com
Lyse,New York Institute of Technology,9000001494,Lysecounsellor@gmail.com
Cheuk,University of South Florida,9000001495,Cheukcounsellor@gmail.com
Morganne,Massachusetts Institute of Technology,9000001496,Morgannecounsellor@gmail.com
Miwa,Harvard University,9000001497,Miwacounsellor@gmail.com
Vadi,Stanford University,9000001498,Vadicounsellor@gmail.com
Tac,California State University Los Angeles Campus,9000001499,Taccounsellor@gmail.com
Shir,Pepperdine University,9000001500,Shircounsellor@gmail.com
Tadeusz,IGlobal University,9000001501,Tadeuszcounsellor@gmail.com
Sasha,Central Michigan University,9000001502,Sashacounsellor@gmail.com
Zaven,Pace University,9000001503,Zavencounsellor@gmail.com
Sherman,Bowling Green State University,9000001504,Shermancounsellor@gmail.com
Rudolph,Mississippi State University,9000001505,Rudolphcounsellor@gmail.com
Felice,Sunrise Aviation,9000001506,Felicecounsellor@gmail.com
Raynell,Georgia Institute of Technology,9000001507,Raynellcounsellor@gmail.com
Dana,Princeton University,9000001508,Danacounsellor@gmail.com
Mo,University of Illinois at Urbana-Champaign,9000001509,Mocounsellor@gmail.com
paolina,University of Alabama,9000001510,paolinacounsellor@gmail.com
dyanne,California Institute of Technology,9000001511,dyannecounsellor@gmail.com
nissy,University of Pennsylvania,9000001512,nissycounsellor@gmail.com
amalee,Boston University,9000001513,amaleecounsellor@gmail.com
beverlee,Illinois Institute of Technology,9000001514,beverleecounsellor@gmail.com
perri,University of Florida,9000001515,perricounsellor@gmail.com
maryellen,University of Maryland,9000001516,maryellencounsellor@gmail.com
christiane,Wright State University,9000001517,christianecounsellor@gmail.com
lynnell,New York Institute of Technology,9000001518,lynnellcounsellor@gmail.com
ernesta,Mississippi State University,9000001519,ernestacounsellor@gmail.com
ebonee,University of New Mexico,9000001520,eboneecounsellor@gmail.com
cassandry,La Roche College,9000001521,cassandrycounsellor@gmail.com
juliann,ECPI University,9000001522,julianncounsellor@gmail.com
mary,Rutgers University,9000001523,marycounsellor@gmail.com
chrystel,Pennsylvania State University-University Park,9000001524,chrystelcounsellor@gmail.com
minerva,Santa Clara University,9000001525,minervacounsellor@gmail.com
claire,Dakota State University,9000001526,clairecounsellor@gmail.com
nadia,Michigan University,9000001527,nadiacounsellor@gmail.com
adrianna,University of Massachusetts Dartmouth,9000001528,adriannacounsellor@gmail.com
aubrie,Gannon University,9000001529,aubriecounsellor@gmail.com
jandy,University of South Dakota,9000001530,jandycounsellor@gmail.com
lenka,University of the Incarnate Word,9000001531,lenkacounsellor@gmail.com
joyan,Valparaiso University,9000001532,joyancounsellor@gmail.com
xenia,University of Kentucky,9000001533,xeniacounsellor@gmail.com
lulita,Fontbonne University,9000001534,lulitacounsellor@gmail.com
pammi,South Dakota School of Mines & Technology,9000001535,pammicounsellor@gmail.com
blondie,LeTourneau University,9000001536,blondiecounsellor@gmail.com
sabra,New York Institute of Technology,9000001537,sabracounsellor@gmail.com
jenni,University of South Florida,9000001538,jennicounsellor@gmail.com
isadora,Massachusetts Institute of Technology,9000001539,isadoracounsellor@gmail.com
christyna,Harvard University,9000001540,christynacounsellor@gmail.com
dion,Stanford University,9000001541,dioncounsellor@gmail.com
deena,California State University Los Angeles Campus,9000001542,deenacounsellor@gmail.com
rosalie,Pepperdine University,9000001543,rosaliecounsellor@gmail.com
minnnie,IGlobal University,9000001544,minnniecounsellor@gmail.com
leshia,Central Michigan University,9000001545,leshiacounsellor@gmail.com
klarika,Pace University,9000001546,klarikacounsellor@gmail.com
tilly,Bowling Green State University,9000001547,tillycounsellor@gmail.com
lyndsie,Mississippi State University,9000001548,lyndsiecounsellor@gmail.com
nolie,Sunrise Aviation,9000001549,noliecounsellor@gmail.com
donnajean,Georgia Institute of Technology,9000001550,donnajeancounsellor@gmail.com
carmella,Princeton University,9000001551,carmellacounsellor@gmail.com
robinia,University of Illinois at Urbana-Champaign,9000001552,robiniacounsellor@gmail.com
letizia,University of Alabama,9000001553,letiziacounsellor@gmail.com
gerladina,California Institute of Technology,9000001554,gerladinacounsellor@gmail.com
dehlia,University of Pennsylvania,9000001555,dehliacounsellor@gmail.com
rafaelia,Boston University,9000001556,rafaeliacounsellor@gmail.com
zaneta,Illinois Institute of Technology,9000001557,zanetacounsellor@gmail.com
ailis,University of Florida,9000001558,ailiscounsellor@gmail.com